Temperature,Humidity,Wind Speed,Precipitation (%),Cloud Cover,Atmospheric Pressure,UV Index,Season,Visibility (km),Location,Weather Type
-10.0,90,8.0,62.0,overcast,993.68,1,Winter,2.0,mountain,Snowy
-2.0,82,5.0,92.0,overcast,981.8,1,Winter,1.5,inland,Snowy
29.0,33,4.5,4.0,clear,1012.76,8,Spring,10.0,coastal,Sunny
24.0,91,15.5,89.0,overcast,991.1,0,Winter,1.5,inland,Rainy
20.0,85,8.5,81.0,overcast,1014.67,3,Winter,1.0,coastal,Rainy
-8.0,75,1.0,93.0,overcast,984.39,0,Winter,4.0,mountain,Snowy
16.0,74,14.0,27.0,partly cloudy,1009.27,3,Autumn,8.5,inland,Cloudy
13.0,59,5.0,24.0,overcast,1007.69,1,Summer,7.5,inland,Cloudy
17.0,91,9.0,66.0,overcast,1002.44,0,Spring,4.5,coastal,Rainy
22.0,57,7.5,11.0,overcast,1004.21,4,Winter,8.0,mountain,Cloudy
37.0,38,1.0,15.0,clear,1014.51,7,Autumn,9.5,mountain,Sunny
17.0,73,8.0,13.0,overcast,1167.84,5,Summer,0.5,coastal,Sunny
-7.0,87,11.5,68.0,partly cloudy,983.25,1,Winter,2.5,inland,Snowy
29.0,63,7.0,88.0,overcast,1000.99,0,Summer,2.5,coastal,Rainy
42.0,65,1.5,9.0,clear,1017.02,11,Autumn,6.0,inland,Sunny
-9.0,61,14.5,99.0,overcast,995.46,0,Winter,4.0,mountain,Snowy
25.0,50,1.5,15.0,partly cloudy,1010.09,5,Spring,6.0,coastal,Sunny
10.0,72,7.5,17.0,partly cloudy,1009.62,4,Summer,8.0,inland,Cloudy
8.0,30,10.5,39.0,cloudy,1080.38,14,Winter,2.0,coastal,Snowy
24.0,57,7.5,11.0,overcast,1018.63,2,Summer,7.5,coastal,Cloudy
11.0,78,13.5,10.0,partly cloudy,1007.63,1,Summer,8.5,coastal,Cloudy
13.0,95,9.5,66.0,overcast,1005.14,1,Winter,2.5,coastal,Rainy
16.0,78,9.0,51.0,partly cloudy,1013.7,0,Winter,2.0,coastal,Rainy
49.0,41,1.5,82.0,cloudy,1182.84,11,Spring,10.0,mountain,Rainy
2.0,99,3.5,84.0,overcast,999.65,0,Winter,3.5,inland,Snowy
25.0,83,12.0,91.0,partly cloudy,995.62,2,Winter,4.0,coastal,Rainy
20.0,96,15.0,93.0,partly cloudy,996.28,0,Spring,1.5,inland,Rainy
29.0,93,9.0,88.0,overcast,1009.73,3,Summer,4.5,coastal,Rainy
-7.0,90,13.0,98.0,overcast,999.54,0,Winter,4.5,inland,Snowy
30.0,74,0.5,14.0,partly cloudy,1007.28,2,Autumn,5.5,inland,Cloudy
-1.0,78,12.5,89.0,overcast,981.15,1,Winter,2.0,inland,Snowy
12.0,96,8.5,78.0,partly cloudy,996.45,1,Winter,1.0,mountain,Rainy
42.0,52,3.0,12.0,partly cloudy,1025.53,9,Summer,5.5,mountain,Sunny
10.0,91,11.0,99.0,overcast,996.03,0,Winter,4.0,inland,Rainy
3.0,90,13.5,76.0,overcast,991.0,1,Winter,3.5,inland,Snowy
32.0,22,7.5,16.0,partly cloudy,1013.16,10,Winter,8.0,coastal,Sunny
33.0,58,7.0,44.0,overcast,1018.04,3,Winter,5.5,mountain,Cloudy
19.0,25,7.5,78.0,cloudy,927.22,7,Winter,15.0,coastal,Snowy
14.0,84,15.5,90.0,partly cloudy,1011.37,1,Autumn,2.5,mountain,Rainy
13.0,78,3.0,48.0,overcast,1009.76,3,Summer,8.5,mountain,Cloudy
25.0,32,8.5,82.0,partly cloudy,961.73,12,Summer,15.0,coastal,Sunny
20.0,79,3.5,17.0,partly cloudy,1014.81,3,Winter,8.0,mountain,Cloudy
20.0,80,6.0,74.0,overcast,999.38,1,Winter,4.5,inland,Rainy
10.0,60,2.5,20.0,overcast,1000.1,1,Winter,8.5,coastal,Cloudy
23.0,70,8.0,14.0,partly cloudy,1013.84,4,Spring,8.5,coastal,Cloudy
4.0,25,2.5,93.0,cloudy,972.03,8,Winter,16.5,mountain,Cloudy
-6.0,67,5.5,81.0,overcast,994.19,0,Winter,1.5,mountain,Snowy
31.0,68,3.5,5.0,partly cloudy,1013.62,8,Autumn,6.0,mountain,Sunny
-4.0,94,4.0,93.0,overcast,999.99,0,Winter,2.0,mountain,Snowy
1.0,64,19.5,52.0,overcast,992.43,1,Winter,3.5,inland,Snowy
43.0,67,4.0,0.0,partly cloudy,1020.83,9,Winter,6.0,coastal,Sunny
36.0,78,12.5,86.0,partly cloudy,1017.41,7,Winter,2.5,inland,Cloudy
26.0,53,10.0,44.0,partly cloudy,1005.94,2,Spring,7.5,coastal,Cloudy
19.0,74,6.5,37.0,overcast,1018.34,2,Winter,7.0,coastal,Cloudy
29.0,32,3.0,15.0,clear,1012.12,11,Spring,6.0,coastal,Sunny
32.0,48,4.0,7.0,clear,1021.88,6,Autumn,10.0,inland,Sunny
18.0,70,12.5,77.0,partly cloudy,1010.19,1,Summer,1.0,inland,Rainy
-1.0,64,11.0,95.0,overcast,987.04,1,Winter,2.0,inland,Snowy
19.0,76,9.5,89.0,overcast,992.8,0,Autumn,4.5,mountain,Rainy
18.0,77,12.5,35.0,overcast,1019.35,2,Summer,7.0,coastal,Cloudy
47.0,105,19.0,76.0,clear,1021.14,0,Autumn,9.5,mountain,Sunny
14.0,62,6.0,96.0,overcast,1006.55,3,Autumn,4.0,mountain,Rainy
30.0,71,4.5,23.0,partly cloudy,1015.1,1,Autumn,9.0,coastal,Cloudy
17.0,53,11.0,38.0,partly cloudy,1009.76,3,Spring,8.5,coastal,Cloudy
24.0,70,8.0,10.0,overcast,1012.9,3,Autumn,7.0,mountain,Cloudy
31.0,65,15.0,96.0,overcast,1001.34,1,Spring,4.5,mountain,Rainy
33.0,73,19.5,93.0,clear,1027.82,2,Winter,6.5,inland,Sunny
27.0,97,9.5,51.0,overcast,1005.04,1,Summer,4.5,coastal,Rainy
41.0,64,3.0,11.0,partly cloudy,1018.58,7,Autumn,8.0,inland,Sunny
16.0,98,17.0,97.0,partly cloudy,998.88,0,Winter,2.5,coastal,Rainy
-3.0,86,12.5,77.0,overcast,995.03,0,Winter,4.0,inland,Snowy
38.0,47,6.0,16.0,clear,1026.92,7,Spring,8.0,inland,Sunny
8.0,42,11.0,99.0,overcast,988.23,2,Winter,17.5,inland,Sunny
-4.0,71,1.5,76.0,partly cloudy,989.67,1,Winter,3.0,inland,Snowy
13.0,79,5.0,30.0,partly cloudy,1005.6,2,Summer,9.0,coastal,Cloudy
31.0,57,7.5,9.0,clear,1024.03,7,Winter,10.0,inland,Sunny
41.0,39,0.5,14.0,clear,1021.44,8,Summer,8.0,mountain,Sunny
22.0,71,15.0,52.0,overcast,996.78,2,Spring,3.5,inland,Rainy
32.0,62,0.5,1.0,clear,1024.59,11,Winter,6.5,mountain,Sunny
17.0,65,11.0,37.0,partly cloudy,1017.68,4,Summer,8.5,coastal,Cloudy
31.0,67,19.5,86.0,overcast,1005.02,1,Summer,4.0,coastal,Rainy
24.0,67,1.0,16.0,clear,1016.84,8,Winter,6.0,coastal,Sunny
36.0,50,6.0,0.0,clear,1010.34,8,Autumn,6.5,mountain,Sunny
21.0,89,13.0,85.0,partly cloudy,1006.31,2,Spring,4.0,inland,Rainy
30.0,65,3.5,0.0,clear,1022.13,10,Winter,8.5,coastal,Sunny
-16.0,77,22.5,75.0,overcast,985.52,13,Winter,3.0,inland,Snowy
21.0,84,2.5,87.0,clear,1025.02,4,Autumn,4.0,coastal,Sunny
38.0,30,9.0,1.0,clear,1013.57,5,Summer,5.5,coastal,Sunny
33.0,46,9.5,5.0,partly cloudy,1019.1,8,Spring,7.0,inland,Sunny
6.0,69,6.5,31.0,cloudy,962.72,10,Winter,14.5,inland,Snowy
-7.0,20,2.5,83.0,overcast,831.65,2,Spring,13.0,mountain,Rainy
-9.0,61,3.0,51.0,overcast,990.2,1,Winter,5.0,mountain,Snowy
44.0,20,9.5,9.0,clear,1018.22,7,Summer,8.0,mountain,Sunny
23.0,22,0.5,12.0,partly cloudy,1027.46,7,Winter,6.5,inland,Sunny
32.0,63,13.5,18.0,partly cloudy,1014.83,2,Spring,6.5,mountain,Cloudy
14.0,97,13.0,55.0,partly cloudy,1019.54,3,Winter,3.5,mountain,Rainy
2.0,93,3.0,74.0,overcast,983.96,1,Winter,1.5,inland,Snowy
27.0,29,11.0,67.0,overcast,989.96,9,Autumn,17.0,coastal,Cloudy
15.0,51,14.0,44.0,partly cloudy,1006.17,2,Summer,7.5,mountain,Cloudy
31.0,64,12.5,56.0,overcast,1000.78,0,Winter,2.5,coastal,Rainy
-2.0,85,8.5,85.0,overcast,984.09,1,Winter,4.5,inland,Snowy
12.0,79,15.0,71.0,overcast,1012.93,2,Spring,1.5,coastal,Rainy
-10.0,95,12.5,88.0,overcast,984.88,1,Winter,2.0,inland,Snowy
0.0,89,15.5,60.0,overcast,981.29,0,Winter,3.5,inland,Snowy
22.0,42,4.0,8.0,clear,1028.58,8,Spring,8.0,coastal,Sunny
14.0,75,27.5,105.0,overcast,999.76,2,Summer,5.0,inland,Rainy
24.0,50,2.0,8.0,partly cloudy,1010.94,9,Winter,7.0,inland,Sunny
0.0,46,8.0,45.0,overcast,1080.2,9,Spring,3.5,coastal,Sunny
21.0,108,2.0,84.0,partly cloudy,1010.85,2,Summer,3.0,inland,Cloudy
20.0,51,6.5,64.0,partly cloudy,807.2,14,Summer,9.0,coastal,Sunny
41.0,77,14.0,21.0,overcast,850.62,1,Winter,1.5,coastal,Cloudy
-3.0,82,19.0,66.0,overcast,982.55,1,Winter,4.5,mountain,Snowy
35.0,40,9.0,37.0,cloudy,1097.93,11,Winter,7.5,mountain,Sunny
20.0,86,6.0,80.0,overcast,1002.04,1,Spring,1.5,mountain,Rainy
34.0,69,15.0,86.0,partly cloudy,1119.07,8,Spring,14.5,coastal,Snowy
23.0,49,0.5,1.0,clear,1018.88,7,Autumn,9.0,coastal,Sunny
44.0,35,7.0,2.0,partly cloudy,1011.3,6,Spring,6.5,inland,Sunny
50.0,92,13.0,101.0,clear,1021.03,13,Autumn,5.0,mountain,Sunny
12.0,66,5.5,27.0,partly cloudy,1003.07,2,Winter,8.0,mountain,Cloudy
-9.0,46,6.5,35.0,partly cloudy,978.59,7,Autumn,0.5,inland,Cloudy
15.0,74,14.0,86.0,partly cloudy,1017.49,3,Autumn,4.0,mountain,Rainy
24.0,94,6.0,85.0,partly cloudy,1014.82,2,Winter,2.5,mountain,Rainy
-7.0,62,16.5,51.0,partly cloudy,996.48,0,Winter,3.5,mountain,Snowy
4.0,68,14.5,55.0,partly cloudy,983.03,1,Winter,5.0,mountain,Snowy
34.0,70,13.5,93.0,partly cloudy,990.02,1,Winter,3.0,inland,Rainy
27.0,30,9.0,14.0,clear,1013.51,6,Summer,6.5,coastal,Sunny
17.0,35,4.5,85.0,overcast,1134.21,13,Autumn,9.0,mountain,Snowy
14.0,60,13.0,19.0,overcast,1004.59,3,Autumn,7.0,inland,Cloudy
-10.0,78,19.0,95.0,overcast,984.99,0,Winter,4.0,inland,Snowy
38.0,73,2.5,79.0,overcast,1034.1,3,Autumn,13.0,mountain,Rainy
-5.0,60,9.5,95.0,overcast,995.4,1,Winter,5.0,mountain,Snowy
28.0,41,1.5,10.0,clear,1019.55,11,Autumn,7.0,mountain,Sunny
10.0,62,6.0,45.0,partly cloudy,1013.86,2,Autumn,5.5,mountain,Cloudy
10.0,70,17.0,57.0,partly cloudy,994.93,3,Autumn,5.0,mountain,Rainy
20.0,70,10.0,31.0,overcast,1001.78,1,Winter,7.0,coastal,Cloudy
25.0,69,7.0,94.0,overcast,996.12,2,Spring,2.0,mountain,Rainy
13.0,98,11.5,54.0,overcast,997.12,3,Autumn,3.0,coastal,Rainy
24.0,78,12.5,103.0,overcast,1004.42,2,Autumn,4.5,inland,Cloudy
14.0,79,5.0,69.0,overcast,1013.9,1,Summer,3.0,coastal,Rainy
25.0,53,1.0,6.0,partly cloudy,1023.49,8,Autumn,8.5,coastal,Sunny
3.0,40,1.0,71.0,cloudy,868.73,4,Autumn,6.5,mountain,Cloudy
26.0,26,8.5,14.0,clear,1027.86,5,Summer,6.5,coastal,Sunny
29.0,104,16.0,95.0,partly cloudy,1008.7,8,Summer,7.5,inland,Cloudy
13.0,96,16.5,80.0,overcast,1005.74,3,Winter,2.0,mountain,Rainy
20.0,99,15.0,98.0,overcast,994.3,2,Autumn,2.5,inland,Rainy
41.0,71,11.0,31.0,cloudy,947.36,2,Summer,8.0,inland,Sunny
-9.0,81,10.5,91.0,overcast,991.28,0,Winter,2.0,mountain,Snowy
17.0,101,13.5,82.0,partly cloudy,1003.32,6,Winter,6.0,coastal,Cloudy
10.0,98,13.0,95.0,partly cloudy,1015.05,3,Winter,1.5,coastal,Rainy
10.0,72,15.0,55.0,partly cloudy,1007.07,1,Winter,1.0,inland,Rainy
10.0,85,15.5,89.0,overcast,991.09,2,Winter,1.5,coastal,Rainy
40.0,21,5.5,7.0,clear,1010.93,7,Autumn,9.0,inland,Sunny
-8.0,68,17.0,70.0,partly cloudy,980.57,0,Winter,3.5,mountain,Snowy
18.0,73,11.5,12.0,overcast,1006.46,1,Spring,7.5,inland,Cloudy
34.0,52,1.5,15.0,overcast,1014.46,2,Spring,5.0,coastal,Cloudy
9.0,92,2.5,82.0,overcast,1013.76,5,Summer,1.5,inland,Cloudy
2.0,81,18.0,89.0,overcast,980.43,1,Winter,4.5,mountain,Snowy
21.0,71,5.0,98.0,partly cloudy,1000.06,0,Spring,4.5,coastal,Rainy
35.0,43,4.5,18.0,clear,1022.08,9,Summer,9.0,mountain,Sunny
36.0,23,4.5,0.0,clear,1016.42,6,Spring,9.0,mountain,Sunny
4.0,91,1.5,97.0,overcast,986.56,0,Winter,4.5,inland,Snowy
-1.0,91,24.5,100.0,overcast,990.98,13,Winter,3.5,inland,Snowy
-6.0,87,9.0,64.0,overcast,997.77,0,Winter,3.0,mountain,Snowy
30.0,34,9.5,12.0,clear,1018.43,9,Spring,9.5,inland,Sunny
35.0,49,0.0,11.0,clear,1027.62,11,Summer,5.5,inland,Sunny
11.0,91,34.5,82.0,overcast,1007.44,7,Winter,1.5,mountain,Rainy
22.0,75,25.0,81.0,overcast,991.61,3,Winter,3.0,coastal,Rainy
8.0,77,17.0,73.0,overcast,1014.85,8,Summer,3.0,coastal,Rainy
1.0,94,2.5,80.0,overcast,991.0,4,Winter,1.0,mountain,Snowy
32.0,59,9.0,27.0,partly cloudy,1018.8,2,Winter,6.5,coastal,Cloudy
22.0,63,5.0,1.0,clear,1020.87,11,Autumn,6.5,coastal,Sunny
17.0,72,7.5,62.0,overcast,1010.16,2,Summer,3.0,mountain,Rainy
35.0,50,7.0,3.0,clear,1011.22,7,Autumn,7.5,coastal,Sunny
13.0,92,18.0,70.0,overcast,1008.62,1,Summer,2.0,coastal,Rainy
19.0,31,9.5,82.0,cloudy,985.1,3,Autumn,6.5,inland,Snowy
22.0,48,9.0,12.0,clear,1016.71,10,Winter,9.0,inland,Sunny
25.0,91,12.0,61.0,overcast,1004.76,1,Spring,2.0,coastal,Rainy
31.0,87,16.5,84.0,overcast,1004.67,2,Summer,2.5,mountain,Rainy
15.0,64,17.0,96.0,overcast,1009.87,3,Summer,3.0,mountain,Rainy
42.0,62,10.0,13.0,clear,1012.58,11,Summer,6.5,coastal,Sunny
2.0,92,1.0,60.0,overcast,999.13,0,Winter,3.0,mountain,Snowy
12.0,97,7.0,79.0,overcast,1013.7,1,Summer,2.0,inland,Rainy
15.0,59,13.5,14.0,partly cloudy,1010.47,1,Winter,8.0,coastal,Cloudy
17.0,95,12.5,85.0,overcast,1002.22,3,Autumn,1.0,mountain,Rainy
-4.0,94,25.0,85.0,overcast,988.57,1,Winter,0.5,inland,Snowy
23.0,77,7.5,49.0,partly cloudy,1010.4,2,Winter,8.5,coastal,Cloudy
12.0,99,18.0,65.0,overcast,1010.8,1,Winter,1.5,inland,Rainy
16.0,66,13.0,78.0,overcast,1018.8,1,Winter,4.0,coastal,Rainy
19.0,81,15.0,87.0,overcast,1018.63,2,Spring,1.5,mountain,Rainy
0.0,66,17.0,72.0,overcast,986.7,0,Winter,4.0,inland,Snowy
17.0,60,11.0,12.0,partly cloudy,1007.55,3,Winter,6.0,coastal,Cloudy
10.0,63,0.5,11.0,partly cloudy,1015.01,2,Spring,6.0,mountain,Cloudy
33.0,22,8.5,15.0,clear,1020.11,11,Summer,6.0,inland,Sunny
30.0,56,4.0,49.0,overcast,1150.39,13,Winter,19.5,mountain,Cloudy
23.0,65,9.5,15.0,overcast,1006.38,3,Spring,6.0,mountain,Cloudy
32.0,30,9.5,13.0,clear,1011.11,6,Winter,7.5,coastal,Sunny
10.0,104,31.5,75.0,partly cloudy,1016.56,0,Autumn,7.0,inland,Cloudy
18.0,90,10.0,109.0,overcast,1002.28,14,Spring,4.0,inland,Cloudy
30.0,75,10.0,17.0,overcast,1017.28,3,Summer,8.5,mountain,Cloudy
12.0,76,16.0,80.0,overcast,1001.06,2,Winter,1.5,coastal,Rainy
30.0,29,8.5,17.0,partly cloudy,1010.77,9,Autumn,7.5,mountain,Sunny
10.0,68,11.5,21.0,partly cloudy,1005.05,2,Winter,5.5,mountain,Cloudy
28.0,76,11.5,44.0,partly cloudy,1016.96,4,Autumn,6.0,coastal,Cloudy
33.0,56,14.0,37.0,partly cloudy,1014.07,3,Winter,7.5,inland,Cloudy
3.0,63,13.0,35.0,partly cloudy,997.65,9,Summer,9.0,mountain,Snowy
23.0,55,3.0,10.0,partly cloudy,1020.01,5,Winter,7.0,coastal,Sunny
25.0,60,1.5,16.0,clear,1014.47,5,Autumn,9.5,coastal,Sunny
16.0,64,8.5,66.0,partly cloudy,1004.06,2,Winter,1.5,coastal,Rainy
39.0,46,2.0,12.0,clear,1014.9,8,Winter,9.5,mountain,Sunny
27.0,72,15.5,57.0,overcast,991.14,1,Summer,4.0,coastal,Rainy
-10.0,67,3.5,66.0,overcast,995.96,1,Winter,1.5,inland,Snowy
44.0,38,0.5,13.0,clear,1017.02,7,Spring,6.0,inland,Sunny
-8.0,84,19.5,89.0,overcast,985.27,1,Winter,3.5,mountain,Snowy
-1.0,81,8.0,66.0,overcast,983.28,1,Winter,3.0,inland,Snowy
27.0,62,0.0,6.0,clear,1016.89,6,Summer,8.5,inland,Sunny
30.0,65,11.0,29.0,partly cloudy,1014.34,3,Autumn,8.5,coastal,Cloudy
27.0,51,4.5,34.0,partly cloudy,1011.34,4,Summer,6.0,mountain,Cloudy
18.0,60,10.0,60.0,overcast,1006.55,2,Autumn,4.5,coastal,Rainy
32.0,69,6.0,81.0,overcast,1003.03,0,Summer,4.5,mountain,Rainy
32.0,34,2.5,10.0,clear,1018.8,11,Autumn,9.5,mountain,Sunny
5.0,43,4.0,76.0,partly cloudy,1020.93,6,Winter,3.0,coastal,Cloudy
-9.0,76,15.5,59.0,overcast,980.94,1,Winter,4.0,inland,Snowy
17.0,108,16.0,80.0,partly cloudy,1028.75,8,Spring,2.5,mountain,Sunny
20.0,68,6.0,30.0,partly cloudy,1003.0,3,Spring,5.0,inland,Cloudy
20.0,79,0.5,77.0,partly cloudy,1006.32,7,Summer,6.5,coastal,Cloudy
23.0,70,15.0,49.0,overcast,1002.8,1,Spring,8.0,inland,Cloudy
28.0,49,0.0,6.0,partly cloudy,1019.81,10,Summer,9.5,mountain,Sunny
19.0,97,9.0,56.0,overcast,1015.74,3,Spring,2.0,mountain,Rainy
-10.0,72,4.5,72.0,overcast,1193.57,11,Summer,13.0,mountain,Rainy
19.0,62,13.0,46.0,overcast,1003.09,1,Spring,8.0,mountain,Cloudy
30.0,108,9.0,72.0,clear,1012.44,12,Summer,4.5,mountain,Sunny
18.0,84,8.0,69.0,overcast,1005.98,2,Spring,4.0,mountain,Rainy
23.0,35,3.5,12.0,clear,1028.43,7,Spring,8.0,inland,Sunny
37.0,29,3.5,10.0,clear,1016.42,9,Autumn,8.5,coastal,Sunny
26.0,60,14.5,44.0,overcast,1015.11,4,Winter,6.5,inland,Cloudy
22.0,59,12.0,46.0,partly cloudy,1009.4,2,Autumn,7.5,mountain,Cloudy
10.0,93,13.0,57.0,overcast,990.12,0,Spring,3.5,inland,Rainy
10.0,61,10.0,37.0,partly cloudy,1010.57,4,Winter,8.0,coastal,Cloudy
30.0,64,7.0,51.0,overcast,1014.89,3,Summer,3.5,inland,Rainy
44.0,63,3.0,2.0,partly cloudy,1011.89,11,Spring,8.5,mountain,Sunny
28.0,36,9.5,16.0,partly cloudy,1010.85,8,Summer,7.5,mountain,Sunny
22.0,66,5.5,10.0,clear,1024.8,6,Spring,8.0,inland,Sunny
32.0,78,11.5,22.0,partly cloudy,1014.21,2,Autumn,6.5,coastal,Cloudy
20.0,57,8.0,7.0,clear,1022.77,9,Winter,8.5,coastal,Sunny
22.0,59,1.0,7.0,clear,1020.45,7,Autumn,9.0,coastal,Sunny
32.0,99,16.0,93.0,overcast,1002.0,3,Spring,5.0,mountain,Rainy
29.0,46,2.0,19.0,clear,1027.65,11,Autumn,5.5,coastal,Sunny
31.0,73,11.5,86.0,overcast,1012.91,0,Spring,4.0,coastal,Rainy
2.0,95,4.0,54.0,overcast,982.37,0,Winter,3.0,inland,Snowy
2.0,95,1.5,74.0,overcast,993.99,12,Winter,0.0,mountain,Snowy
33.0,25,4.0,3.0,partly cloudy,1027.6,11,Spring,6.5,coastal,Sunny
-1.0,76,13.5,60.0,overcast,993.26,1,Winter,3.0,inland,Snowy
31.0,21,5.5,12.0,clear,1022.98,6,Autumn,5.5,inland,Sunny
26.0,100,27.5,106.0,overcast,1015.47,0,Summer,3.5,inland,Rainy
-10.0,67,15.0,58.0,overcast,990.84,1,Winter,1.0,mountain,Snowy
21.0,46,7.5,18.0,clear,1012.01,7,Summer,6.0,coastal,Sunny
18.0,94,18.5,67.0,overcast,1019.23,3,Spring,2.5,coastal,Rainy
39.0,20,4.0,6.0,clear,1012.73,9,Summer,8.0,inland,Sunny
34.0,66,12.0,61.0,overcast,996.51,3,Spring,2.0,coastal,Rainy
27.0,79,10.0,62.0,partly cloudy,1019.08,2,Autumn,5.0,coastal,Rainy
3.0,62,7.0,58.0,overcast,991.27,0,Winter,1.5,inland,Snowy
37.0,86,9.0,93.0,clear,1017.87,6,Summer,6.0,mountain,Sunny
27.0,73,12.5,26.0,partly cloudy,1008.72,4,Winter,6.0,mountain,Cloudy
21.0,74,10.5,92.0,overcast,1015.19,2,Summer,3.0,inland,Rainy
-7.0,85,18.5,68.0,overcast,993.72,1,Winter,2.5,mountain,Snowy
-9.0,77,6.0,80.0,partly cloudy,914.19,5,Winter,9.5,inland,Rainy
34.0,71,9.0,13.0,overcast,1004.2,2,Autumn,6.5,coastal,Cloudy
30.0,90,7.5,76.0,overcast,1003.0,3,Spring,4.0,coastal,Rainy
28.0,71,14.5,43.0,partly cloudy,1017.99,2,Winter,8.0,inland,Cloudy
28.0,60,16.5,53.0,overcast,995.48,2,Spring,4.0,coastal,Rainy
-17.0,95,32.0,97.0,overcast,987.38,13,Winter,2.0,inland,Snowy
30.0,31,8.0,49.0,partly cloudy,918.45,3,Autumn,12.0,coastal,Cloudy
13.0,55,6.5,30.0,partly cloudy,1014.21,3,Winter,9.0,inland,Cloudy
27.0,62,11.5,32.0,overcast,1015.56,3,Summer,7.0,coastal,Cloudy
26.0,86,15.0,91.0,partly cloudy,1015.42,0,Spring,3.5,inland,Cloudy
33.0,53,4.0,42.0,partly cloudy,1007.87,4,Autumn,5.5,inland,Cloudy
4.0,93,17.0,50.0,overcast,980.67,0,Winter,3.5,inland,Snowy
20.0,72,8.5,59.0,overcast,990.14,2,Autumn,1.0,inland,Rainy
38.0,56,2.5,9.0,partly cloudy,1018.25,5,Spring,5.5,coastal,Sunny
24.0,36,6.0,5.0,partly cloudy,1013.47,6,Winter,6.5,coastal,Sunny
16.0,66,11.0,29.0,overcast,1012.36,4,Winter,6.5,mountain,Cloudy
28.0,63,9.0,31.0,overcast,1002.26,4,Summer,6.0,mountain,Cloudy
-20.0,51,4.0,62.0,cloudy,900.49,3,Autumn,11.5,coastal,Snowy
27.0,68,12.0,23.0,overcast,819.83,8,Autumn,2.0,mountain,Cloudy
34.0,62,9.0,95.0,partly cloudy,995.09,0,Winter,4.5,inland,Rainy
0.0,74,12.0,90.0,overcast,981.44,1,Winter,3.5,inland,Snowy
-9.0,35,2.5,71.0,partly cloudy,894.24,9,Autumn,8.0,inland,Rainy
34.0,66,3.5,12.0,clear,1010.56,6,Spring,5.5,mountain,Sunny
3.0,61,18.5,68.0,overcast,980.99,1,Winter,3.0,mountain,Snowy
15.0,58,11.5,42.0,partly cloudy,1006.38,2,Summer,8.5,mountain,Cloudy
3.0,90,10.0,88.0,overcast,999.86,0,Winter,5.0,mountain,Snowy
-9.0,61,13.0,54.0,overcast,992.24,1,Winter,1.5,inland,Snowy
28.0,54,1.0,41.0,partly cloudy,1014.57,1,Winter,6.0,coastal,Cloudy
3.0,73,9.5,59.0,overcast,983.56,0,Winter,2.5,inland,Snowy
29.0,50,7.5,19.0,partly cloudy,1012.87,9,Winter,6.5,inland,Sunny
25.0,74,5.0,14.0,overcast,1019.75,3,Summer,8.5,mountain,Cloudy
0.0,91,17.0,88.0,partly cloudy,982.87,1,Winter,3.5,mountain,Snowy
36.0,29,2.5,10.0,clear,1027.12,9,Winter,5.5,mountain,Sunny
-8.0,60,6.0,77.0,overcast,983.66,0,Winter,2.5,inland,Snowy
24.0,77,14.0,40.0,partly cloudy,1006.57,2,Summer,7.0,coastal,Cloudy
-3.0,61,9.5,80.0,partly cloudy,989.14,0,Winter,4.0,mountain,Snowy
38.0,58,1.5,3.0,clear,1022.76,8,Spring,7.5,coastal,Sunny
16.0,96,28.0,108.0,overcast,1006.49,0,Autumn,2.0,mountain,Rainy
25.0,63,2.0,70.0,overcast,1010.96,6,Summer,12.0,mountain,Sunny
-2.0,64,2.0,68.0,overcast,990.02,0,Winter,4.0,mountain,Snowy
26.0,91,9.5,82.0,overcast,1019.42,3,Summer,4.0,mountain,Rainy
-7.0,90,1.0,83.0,overcast,982.11,0,Winter,4.0,mountain,Snowy
28.0,70,9.5,95.0,overcast,1019.02,2,Spring,1.5,mountain,Rainy
43.0,20,1.0,3.0,clear,1011.04,5,Autumn,6.0,mountain,Sunny
0.0,67,14.5,87.0,partly cloudy,997.12,0,Winter,1.5,mountain,Snowy
30.0,77,19.0,97.0,partly cloudy,1005.01,0,Winter,2.0,coastal,Rainy
-5.0,100,24.0,83.0,overcast,982.04,0,Winter,2.5,inland,Snowy
18.0,79,3.5,46.0,partly cloudy,1004.54,3,Summer,8.5,mountain,Cloudy
1.0,88,2.5,70.0,overcast,998.54,1,Winter,2.0,mountain,Snowy
3.0,91,7.0,98.0,partly cloudy,996.67,1,Winter,5.5,inland,Snowy
16.0,68,5.0,48.0,overcast,1006.37,1,Winter,9.0,inland,Cloudy
-7.0,62,14.0,59.0,overcast,982.97,0,Winter,3.5,mountain,Snowy
34.0,61,13.0,25.0,partly cloudy,1000.53,2,Summer,8.0,coastal,Cloudy
0.0,77,14.5,92.0,overcast,997.93,0,Winter,2.0,mountain,Snowy
30.0,78,13.0,16.0,partly cloudy,1003.43,2,Autumn,6.5,inland,Cloudy
29.0,76,4.0,92.0,clear,1023.19,5,Autumn,9.5,coastal,Sunny
-7.0,89,26.5,90.0,partly cloudy,983.6,4,Winter,1.5,mountain,Snowy
33.0,56,9.0,19.0,overcast,1008.6,4,Spring,8.5,mountain,Cloudy
13.0,72,7.0,13.0,overcast,1015.68,3,Spring,6.0,inland,Cloudy
15.0,88,10.0,74.0,overcast,1013.37,3,Summer,4.5,mountain,Rainy
22.0,37,4.0,11.0,partly cloudy,1025.54,9,Summer,7.5,inland,Sunny
3.0,64,2.0,95.0,overcast,999.27,0,Winter,4.5,mountain,Snowy
35.0,27,8.0,11.0,partly cloudy,1012.23,10,Winter,9.5,coastal,Sunny
16.0,102,20.0,107.0,overcast,1007.48,9,Winter,2.0,mountain,Rainy
3.0,75,5.5,93.0,overcast,994.31,0,Winter,2.0,inland,Snowy
29.0,76,10.0,91.0,overcast,990.41,1,Winter,4.5,inland,Rainy
25.0,96,15.5,62.0,overcast,992.18,3,Spring,3.0,inland,Rainy
10.0,76,15.0,31.0,partly cloudy,1019.67,3,Autumn,7.5,inland,Cloudy
26.0,90,26.0,88.0,partly cloudy,998.97,4,Summer,2.5,coastal,Rainy
34.0,97,20.0,99.0,clear,1020.23,12,Autumn,5.5,mountain,Sunny
37.0,64,4.0,54.0,cloudy,941.95,6,Autumn,8.5,mountain,Sunny
42.0,38,0.5,18.0,clear,1024.63,10,Summer,6.5,coastal,Sunny
-10.0,73,7.5,98.0,overcast,989.12,1,Winter,2.5,mountain,Snowy
-9.0,96,0.0,99.0,overcast,995.66,1,Winter,4.5,inland,Snowy
23.0,43,5.0,7.0,clear,1021.71,6,Autumn,9.0,mountain,Sunny
21.0,61,6.0,17.0,overcast,1019.35,3,Autumn,6.5,inland,Cloudy
33.0,55,10.5,42.0,overcast,1017.01,4,Autumn,7.0,inland,Cloudy
-6.0,87,7.0,83.0,partly cloudy,986.77,0,Winter,2.0,inland,Snowy
28.0,20,5.5,6.0,clear,1012.95,5,Summer,8.5,inland,Sunny
0.0,60,18.0,74.0,overcast,986.18,0,Winter,4.0,inland,Snowy
34.0,89,12.0,62.0,partly cloudy,1013.2,1,Spring,2.5,inland,Rainy
16.0,50,9.0,16.0,overcast,1001.3,3,Summer,7.0,mountain,Cloudy
36.0,60,5.0,10.0,clear,1012.8,9,Spring,9.0,mountain,Sunny
13.0,75,19.5,87.0,partly cloudy,1017.46,12,Summer,5.5,mountain,Rainy
11.0,76,19.5,92.0,partly cloudy,999.56,1,Summer,4.0,mountain,Rainy
-3.0,94,2.0,74.0,partly cloudy,998.57,0,Winter,2.5,inland,Snowy
-2.0,67,12.0,80.0,overcast,986.65,1,Winter,2.0,inland,Snowy
15.0,43,12.5,17.0,overcast,910.97,4,Summer,16.5,coastal,Sunny
40.0,46,1.5,0.0,partly cloudy,1016.23,10,Winter,8.5,mountain,Sunny
40.0,69,14.5,32.0,partly cloudy,820.16,0,Autumn,17.0,coastal,Cloudy
31.0,65,7.0,53.0,overcast,997.46,0,Spring,4.5,inland,Rainy
-4.0,93,0.5,58.0,overcast,999.16,0,Winter,3.5,mountain,Snowy
24.0,33,5.5,5.0,clear,1013.74,5,Autumn,6.0,mountain,Sunny
22.0,72,9.0,87.0,cloudy,1013.57,9,Spring,8.5,coastal,Cloudy
-3.0,61,0.5,52.0,partly cloudy,997.29,0,Winter,2.5,inland,Snowy
15.0,108,13.5,78.0,partly cloudy,1027.5,1,Autumn,3.5,inland,Sunny
-6.0,23,11.0,40.0,partly cloudy,1081.12,11,Autumn,14.5,inland,Sunny
26.0,20,3.5,1.0,clear,1025.91,8,Autumn,9.0,inland,Sunny
13.0,61,8.0,93.0,partly cloudy,1006.88,2,Autumn,4.5,inland,Rainy
17.0,92,20.5,70.0,partly cloudy,1013.39,14,Autumn,7.5,inland,Cloudy
-8.0,93,13.0,80.0,overcast,988.73,1,Winter,4.0,mountain,Snowy
17.0,76,24.5,98.0,overcast,1013.75,11,Spring,5.5,mountain,Rainy
-9.0,91,4.0,56.0,overcast,998.74,1,Winter,2.5,inland,Snowy
-9.0,74,10.0,82.0,overcast,987.04,1,Winter,3.0,mountain,Snowy
16.0,79,12.5,65.0,partly cloudy,994.52,1,Spring,1.0,coastal,Rainy
24.0,72,21.0,73.0,partly cloudy,1011.05,5,Autumn,9.0,coastal,Cloudy
20.0,40,4.5,3.0,clear,1023.49,10,Summer,10.0,inland,Sunny
23.0,55,2.5,0.0,partly cloudy,1020.43,7,Autumn,8.0,mountain,Sunny
14.0,86,9.0,59.0,overcast,1019.31,1,Winter,1.5,mountain,Rainy
17.0,68,19.5,97.0,partly cloudy,1000.21,0,Spring,1.0,coastal,Rainy
20.0,63,13.0,31.0,partly cloudy,1017.62,1,Spring,5.0,inland,Cloudy
16.0,85,7.0,96.0,overcast,995.5,1,Summer,2.0,coastal,Rainy
43.0,37,7.5,97.0,partly cloudy,1199.21,3,Spring,12.5,mountain,Snowy
27.0,68,15.0,23.0,partly cloudy,1006.77,4,Winter,6.0,inland,Cloudy
-11.0,92,4.0,80.0,overcast,994.8,7,Winter,2.0,inland,Snowy
-1.0,94,19.5,82.0,overcast,991.02,1,Winter,3.5,inland,Snowy
45.0,96,11.0,103.0,clear,1027.44,0,Spring,2.0,mountain,Sunny
30.0,30,8.0,18.0,partly cloudy,1027.59,7,Spring,9.0,mountain,Sunny
29.0,48,7.5,7.0,partly cloudy,1019.5,6,Winter,8.0,coastal,Sunny
22.0,67,8.5,31.0,overcast,1014.55,2,Winter,8.0,mountain,Cloudy
33.0,64,2.5,13.0,partly cloudy,1015.37,2,Summer,7.5,coastal,Cloudy
0.0,82,7.0,72.0,overcast,987.27,1,Winter,1.5,inland,Snowy
16.0,68,13.0,32.0,partly cloudy,1009.79,3,Winter,8.0,inland,Cloudy
24.0,69,1.0,15.0,partly cloudy,1001.5,4,Winter,6.0,inland,Cloudy
30.0,25,9.5,64.0,partly cloudy,1022.32,3,Winter,12.0,coastal,Snowy
31.0,84,20.0,70.0,overcast,1019.33,0,Spring,2.0,inland,Rainy
38.0,42,4.5,0.0,partly cloudy,1012.72,5,Winter,6.0,inland,Sunny
39.0,96,8.5,71.0,partly cloudy,1011.43,7,Spring,10.0,inland,Cloudy
26.0,33,5.5,12.0,clear,1024.95,7,Spring,6.0,coastal,Sunny
3.0,73,5.5,54.0,overcast,987.43,0,Winter,2.0,mountain,Snowy
12.0,66,8.0,89.0,partly cloudy,870.22,0,Winter,8.0,coastal,Cloudy
63.0,72,13.5,80.0,overcast,998.96,14,Autumn,0.5,mountain,Rainy
31.0,76,10.0,55.0,overcast,1004.39,2,Autumn,5.0,coastal,Rainy
26.0,75,0.0,92.0,overcast,1002.58,0,Winter,9.5,inland,Cloudy
17.0,57,8.0,20.0,partly cloudy,1012.74,2,Spring,7.0,coastal,Cloudy
40.0,69,5.0,6.0,partly cloudy,1018.64,10,Winter,5.0,mountain,Sunny
-8.0,82,9.5,73.0,overcast,991.8,0,Winter,1.5,inland,Snowy
33.0,38,3.5,7.0,clear,1022.17,7,Summer,7.5,inland,Sunny
10.0,60,7.5,90.0,overcast,1125.69,13,Spring,18.5,coastal,Sunny
31.0,89,19.0,72.0,overcast,1000.47,1,Summer,1.5,mountain,Rainy
-15.0,40,12.0,41.0,partly cloudy,805.58,10,Summer,7.5,coastal,Rainy
31.0,73,9.0,89.0,overcast,1014.63,3,Autumn,1.5,inland,Rainy
32.0,72,6.0,27.0,overcast,1016.73,3,Spring,9.0,coastal,Cloudy
10.0,108,6.5,82.0,overcast,981.24,10,Winter,1.0,inland,Snowy
-2.0,75,6.5,73.0,overcast,986.95,0,Winter,1.5,inland,Snowy
22.0,63,10.0,19.0,clear,1012.11,10,Spring,7.5,mountain,Sunny
23.0,43,5.0,17.0,clear,1016.74,7,Winter,5.5,coastal,Sunny
23.0,47,7.0,14.0,partly cloudy,1026.61,6,Spring,9.5,coastal,Sunny
-8.0,86,11.0,93.0,overcast,997.5,1,Winter,2.0,inland,Snowy
15.0,84,16.5,74.0,partly cloudy,990.51,0,Spring,3.0,coastal,Rainy
13.0,85,9.5,71.0,partly cloudy,1013.06,0,Summer,1.5,inland,Rainy
2.0,94,16.0,53.0,partly cloudy,994.07,1,Winter,2.0,mountain,Snowy
10.0,52,11.0,48.0,partly cloudy,1001.08,1,Spring,6.0,inland,Cloudy
20.0,79,9.5,40.0,partly cloudy,1004.02,1,Spring,5.0,mountain,Cloudy
33.0,69,8.5,5.0,partly cloudy,1018.19,7,Spring,9.0,inland,Sunny
42.0,87,17.5,100.0,partly cloudy,1016.17,8,Summer,8.0,inland,Cloudy
29.0,90,18.5,57.0,overcast,1004.04,2,Winter,3.5,coastal,Rainy
32.0,47,8.0,0.0,clear,1014.89,9,Winter,7.5,coastal,Sunny
59.0,97,20.0,79.0,overcast,1002.62,3,Summer,2.0,coastal,Rainy
-6.0,62,5.5,59.0,overcast,989.4,0,Winter,1.5,inland,Snowy
32.0,28,1.5,14.0,clear,1019.18,5,Summer,6.5,mountain,Sunny
33.0,71,5.5,25.0,partly cloudy,1012.99,4,Spring,8.0,inland,Cloudy
32.0,60,6.0,18.0,partly cloudy,1017.23,3,Winter,6.0,coastal,Cloudy
22.0,37,0.5,12.0,clear,1014.29,10,Winter,5.0,inland,Sunny
11.0,78,6.5,96.0,overcast,1003.38,2,Winter,1.5,mountain,Rainy
16.0,94,13.0,66.0,overcast,1008.99,1,Spring,2.5,mountain,Rainy
12.0,56,0.5,48.0,partly cloudy,1008.67,3,Autumn,7.0,coastal,Cloudy
30.0,79,1.0,47.0,partly cloudy,1013.0,4,Spring,9.0,mountain,Cloudy
17.0,97,18.5,68.0,overcast,1008.74,0,Winter,5.0,inland,Rainy
29.0,86,12.0,80.0,overcast,1012.5,0,Autumn,2.5,inland,Rainy
24.0,27,2.5,15.0,clear,1016.64,11,Autumn,7.5,inland,Sunny
30.0,88,9.0,76.0,overcast,1009.19,2,Spring,4.0,coastal,Rainy
42.0,44,6.5,16.0,clear,1010.62,10,Winter,6.5,inland,Sunny
27.0,79,4.5,31.0,overcast,1010.97,1,Spring,9.0,mountain,Cloudy
16.0,65,12.5,27.0,cloudy,1146.34,8,Winter,15.0,inland,Rainy
29.0,53,8.5,9.0,clear,1021.35,10,Summer,5.0,coastal,Sunny
-7.0,60,3.0,72.0,overcast,991.62,0,Winter,1.5,mountain,Snowy
3.0,64,15.0,54.0,overcast,990.39,0,Winter,1.5,inland,Snowy
22.0,61,8.5,13.0,partly cloudy,1009.6,2,Spring,6.5,inland,Cloudy
49.0,76,2.0,90.0,clear,1013.22,11,Autumn,2.5,inland,Sunny
32.0,59,6.5,42.0,overcast,1002.82,4,Summer,5.5,mountain,Cloudy
-2.0,58,3.0,14.0,overcast,868.22,12,Winter,15.5,inland,Snowy
30.0,66,4.5,12.0,clear,1024.75,6,Autumn,6.5,mountain,Sunny
24.0,31,2.0,13.0,clear,1019.3,7,Winter,7.0,inland,Sunny
23.0,34,6.5,8.0,partly cloudy,1011.5,10,Winter,6.0,coastal,Sunny
-2.0,76,11.5,60.0,overcast,995.83,0,Winter,3.5,inland,Snowy
41.0,50,10.0,1.0,clear,1018.16,11,Autumn,6.0,mountain,Sunny
8.0,71,24.5,74.0,partly cloudy,1004.73,6,Autumn,7.5,mountain,Cloudy
15.0,66,7.0,94.0,cloudy,871.72,5,Winter,19.5,mountain,Sunny
35.0,54,5.5,10.0,partly cloudy,1023.43,6,Summer,5.0,inland,Sunny
-2.0,96,10.5,82.0,overcast,989.95,1,Winter,3.5,inland,Snowy
3.0,85,40.5,96.0,overcast,990.66,0,Winter,4.0,mountain,Snowy
1.0,79,9.0,66.0,overcast,993.74,1,Winter,1.0,mountain,Snowy
27.0,57,2.0,1.0,clear,1017.64,10,Winter,6.0,coastal,Sunny
16.0,81,20.0,88.0,overcast,992.17,2,Winter,3.0,inland,Rainy
-9.0,67,16.0,77.0,overcast,994.52,1,Winter,4.0,mountain,Snowy
27.0,55,4.5,35.0,partly cloudy,1013.66,1,Spring,5.5,inland,Cloudy
-3.0,80,14.0,78.0,partly cloudy,980.79,1,Winter,1.5,mountain,Snowy
40.0,38,10.0,17.0,clear,1014.72,6,Winter,9.5,coastal,Sunny
24.0,63,12.5,15.0,partly cloudy,1015.45,4,Spring,7.5,coastal,Cloudy
7.0,72,23.5,108.0,overcast,1011.5,12,Winter,3.0,inland,Rainy
23.0,91,15.0,69.0,overcast,1019.6,1,Winter,4.5,inland,Rainy
60.0,109,9.0,101.0,partly cloudy,1013.72,11,Autumn,5.0,mountain,Cloudy
25.0,69,11.5,36.0,overcast,1019.41,3,Autumn,5.5,mountain,Cloudy
29.0,75,10.5,70.0,overcast,1015.27,1,Winter,2.5,coastal,Rainy
18.0,78,10.5,19.0,partly cloudy,1018.58,2,Autumn,5.0,inland,Cloudy
19.0,59,9.5,84.0,overcast,1031.19,4,Spring,9.5,inland,Rainy
31.0,86,13.5,78.0,overcast,999.25,3,Winter,4.0,inland,Rainy
34.0,60,1.0,10.0,partly cloudy,1016.38,7,Autumn,6.0,inland,Sunny
-9.0,103,4.5,100.0,overcast,984.08,1,Winter,1.5,mountain,Snowy
109.0,89,3.0,96.0,clear,1012.84,13,Spring,7.5,inland,Sunny
67.0,107,2.0,73.0,clear,1012.98,12,Summer,5.5,coastal,Sunny
20.0,67,7.0,6.0,clear,1025.47,5,Spring,5.5,inland,Sunny
-13.0,108,6.0,81.0,partly cloudy,993.64,12,Winter,1.5,inland,Snowy
2.0,72,11.5,52.0,overcast,991.57,0,Winter,2.0,inland,Snowy
29.0,47,1.0,16.0,clear,1010.88,9,Summer,7.0,inland,Sunny
33.0,63,12.5,25.0,partly cloudy,1009.31,4,Winter,6.0,mountain,Cloudy
-5.0,106,32.5,102.0,overcast,987.89,2,Winter,0.5,inland,Snowy
24.0,50,6.0,11.0,partly cloudy,1018.21,3,Spring,6.0,mountain,Cloudy
-3.0,91,6.0,62.0,overcast,999.21,0,Winter,3.5,inland,Snowy
23.0,64,3.0,43.0,overcast,1071.18,11,Spring,1.0,inland,Cloudy
13.0,51,10.0,37.0,overcast,1016.84,4,Summer,8.5,coastal,Cloudy
27.0,58,11.0,37.0,partly cloudy,1005.12,1,Winter,8.5,inland,Cloudy
25.0,83,18.5,98.0,overcast,993.63,3,Autumn,4.0,inland,Rainy
-2.0,95,3.0,79.0,overcast,984.86,1,Winter,2.0,mountain,Snowy
17.0,66,14.5,14.0,overcast,1003.45,4,Winter,5.5,inland,Cloudy
10.0,85,15.5,93.0,partly cloudy,1008.89,1,Spring,3.5,mountain,Rainy
-6.0,96,18.0,62.0,partly cloudy,980.22,1,Winter,2.0,inland,Snowy
17.0,76,2.0,40.0,partly cloudy,1017.61,2,Spring,6.0,coastal,Cloudy
35.0,24,2.5,4.0,clear,1013.27,8,Winter,6.5,inland,Sunny
-5.0,78,13.0,57.0,overcast,985.88,1,Winter,3.5,inland,Snowy
34.0,52,7.5,4.0,clear,1016.28,9,Summer,8.0,mountain,Sunny
21.0,42,0.5,10.0,clear,1022.83,5,Summer,9.5,mountain,Sunny
12.0,70,10.5,73.0,overcast,993.83,2,Autumn,1.0,mountain,Rainy
30.0,96,4.5,97.0,partly cloudy,1001.66,1,Summer,5.5,mountain,Cloudy
12.0,76,6.5,47.0,overcast,1011.37,2,Spring,6.5,mountain,Cloudy
36.0,21,5.0,19.0,clear,1013.47,9,Winter,6.5,mountain,Sunny
59.0,95,10.5,74.0,overcast,1016.59,6,Summer,3.5,coastal,Rainy
-6.0,77,14.5,73.0,overcast,981.18,1,Winter,3.5,inland,Snowy
43.0,24,2.0,15.0,clear,1014.48,6,Autumn,9.5,inland,Sunny
-9.0,65,7.0,67.0,overcast,990.43,1,Winter,4.0,inland,Snowy
26.0,67,11.0,74.0,overcast,993.37,1,Spring,1.5,inland,Rainy
10.0,98,14.0,97.0,overcast,1007.79,1,Spring,4.5,inland,Rainy
32.0,62,6.0,80.0,partly cloudy,995.96,1,Summer,3.0,mountain,Rainy
20.0,83,11.0,70.0,overcast,1003.02,1,Spring,4.5,inland,Rainy
29.0,23,9.5,16.0,partly cloudy,1017.07,11,Spring,5.5,mountain,Sunny
3.0,89,8.0,85.0,overcast,983.37,1,Winter,4.5,inland,Snowy
24.0,83,9.0,62.0,partly cloudy,994.1,1,Summer,1.5,coastal,Rainy
33.0,74,20.0,89.0,overcast,1000.99,2,Summer,4.0,coastal,Rainy
10.0,93,19.5,70.0,partly cloudy,1006.59,2,Summer,2.5,inland,Rainy
-8.0,79,9.0,70.0,overcast,992.32,1,Winter,2.5,inland,Snowy
23.0,89,19.5,52.0,overcast,992.98,3,Spring,3.0,inland,Rainy
15.0,99,6.0,63.0,overcast,1019.88,0,Autumn,4.5,inland,Rainy
2.0,82,3.0,59.0,overcast,986.34,0,Winter,4.5,mountain,Snowy
25.0,91,15.0,77.0,partly cloudy,1010.41,6,Autumn,6.0,mountain,Cloudy
-4.0,76,18.5,71.0,overcast,980.59,1,Winter,3.0,mountain,Snowy
21.0,46,2.0,19.0,partly cloudy,1015.99,5,Winter,6.5,mountain,Sunny
34.0,59,5.0,5.0,clear,1010.49,11,Spring,6.0,coastal,Sunny
31.0,95,16.0,62.0,partly cloudy,1017.8,1,Spring,1.5,inland,Rainy
41.0,29,8.0,17.0,clear,1011.53,11,Spring,10.0,inland,Sunny
32.0,63,1.5,10.0,partly cloudy,1020.11,11,Winter,7.0,coastal,Sunny
58.0,96,11.0,92.0,clear,1021.48,0,Autumn,6.0,inland,Sunny
-22.0,94,24.5,75.0,partly cloudy,980.89,6,Winter,1.5,mountain,Snowy
19.0,63,8.5,33.0,overcast,1014.27,2,Spring,6.5,mountain,Cloudy
34.0,88,11.5,76.0,overcast,992.54,0,Summer,4.0,mountain,Rainy
42.0,62,10.0,6.0,partly cloudy,1019.73,11,Autumn,6.5,inland,Sunny
18.0,52,10.0,17.0,cloudy,1060.37,5,Winter,18.0,inland,Rainy
-9.0,71,19.0,50.0,overcast,988.53,0,Winter,4.5,inland,Snowy
24.0,22,2.5,9.0,partly cloudy,1025.18,10,Autumn,6.0,coastal,Sunny
25.0,62,13.5,41.0,partly cloudy,1009.99,1,Spring,8.5,mountain,Cloudy
-10.0,86,20.0,68.0,overcast,993.28,1,Winter,4.5,inland,Snowy
39.0,34,3.5,5.0,clear,1016.3,7,Spring,7.5,inland,Sunny
-6.0,73,6.5,92.0,overcast,980.75,1,Winter,1.5,mountain,Snowy
-5.0,98,18.5,99.0,overcast,981.01,1,Winter,4.5,inland,Snowy
20.0,74,5.0,15.0,partly cloudy,1005.22,1,Autumn,7.5,inland,Cloudy
23.0,64,15.5,98.0,partly cloudy,1003.88,0,Spring,2.5,coastal,Rainy
15.0,79,16.0,72.0,partly cloudy,997.07,3,Winter,4.0,mountain,Rainy
-9.0,87,7.5,56.0,overcast,997.69,1,Winter,2.0,inland,Snowy
-5.0,90,19.5,87.0,overcast,983.95,1,Winter,4.5,mountain,Snowy
10.0,70,3.5,27.0,partly cloudy,1013.19,4,Winter,5.0,coastal,Cloudy
22.0,50,1.5,84.0,overcast,1098.25,9,Autumn,0.5,coastal,Cloudy
34.0,74,13.0,39.0,partly cloudy,1012.35,3,Summer,5.5,mountain,Cloudy
32.0,35,2.5,63.0,partly cloudy,1160.48,2,Winter,0.0,coastal,Sunny
2.0,82,18.5,73.0,partly cloudy,992.97,0,Winter,3.5,inland,Snowy
32.0,75,1.5,32.0,partly cloudy,1004.2,1,Summer,9.0,coastal,Cloudy
29.0,76,10.0,23.0,overcast,1017.51,4,Spring,7.0,mountain,Cloudy
33.0,88,19.0,98.0,overcast,998.8,2,Autumn,3.0,mountain,Rainy
19.0,70,26.5,100.0,overcast,1012.31,9,Summer,2.0,inland,Rainy
16.0,61,11.0,37.0,overcast,1011.74,1,Autumn,7.5,coastal,Cloudy
30.0,46,3.5,66.0,partly cloudy,932.65,12,Summer,16.5,mountain,Sunny
34.0,77,14.0,77.0,overcast,992.52,1,Autumn,4.0,coastal,Rainy
16.0,103,17.5,95.0,overcast,1004.72,12,Autumn,1.5,coastal,Cloudy
24.0,36,8.5,4.0,clear,1015.99,9,Spring,7.0,coastal,Sunny
44.0,99,14.0,100.0,overcast,1009.86,2,Autumn,3.5,inland,Rainy
19.0,99,18.0,54.0,overcast,991.92,1,Summer,2.0,mountain,Rainy
33.0,41,6.0,65.0,cloudy,1185.35,4,Spring,9.5,inland,Sunny
0.0,66,2.0,90.0,overcast,998.69,1,Winter,1.0,inland,Snowy
14.0,65,16.5,96.0,partly cloudy,1007.99,0,Autumn,1.0,mountain,Rainy
15.0,52,6.0,43.0,partly cloudy,1019.49,4,Winter,7.0,mountain,Cloudy
30.0,90,13.0,63.0,partly cloudy,1019.57,1,Spring,3.0,coastal,Rainy
30.0,76,19.0,70.0,partly cloudy,998.52,3,Summer,3.0,mountain,Rainy
31.0,31,1.0,2.0,clear,1027.94,9,Spring,9.0,mountain,Sunny
27.0,36,0.5,76.0,overcast,1187.92,10,Winter,5.0,coastal,Cloudy
24.0,61,2.5,11.0,clear,1010.7,11,Spring,7.0,mountain,Sunny
31.0,78,9.0,30.0,partly cloudy,1004.97,4,Autumn,7.0,mountain,Cloudy
-9.0,85,10.5,101.0,partly cloudy,986.58,9,Winter,1.0,mountain,Snowy
19.0,23,4.5,96.0,partly cloudy,854.45,1,Summer,9.0,mountain,Snowy
28.0,71,10.5,79.0,overcast,998.57,1,Autumn,2.0,coastal,Rainy
16.0,97,12.0,73.0,overcast,1012.71,0,Winter,3.5,mountain,Rainy
36.0,39,10.0,6.0,clear,1013.25,10,Autumn,9.0,mountain,Sunny
29.0,48,5.5,13.0,clear,1020.36,9,Spring,6.5,mountain,Sunny
23.0,82,21.0,99.0,overcast,1006.49,2,Winter,9.5,coastal,Cloudy
44.0,64,8.5,4.0,clear,1029.87,6,Winter,8.0,coastal,Sunny
-4.0,87,6.5,54.0,overcast,991.88,0,Winter,2.0,mountain,Snowy
25.0,60,7.0,93.0,overcast,1012.08,2,Autumn,3.0,coastal,Rainy
33.0,59,3.0,24.0,partly cloudy,1008.7,2,Summer,7.0,coastal,Cloudy
2.0,83,4.0,75.0,overcast,993.43,0,Winter,2.0,inland,Snowy
46.0,69,3.5,43.0,cloudy,842.22,12,Spring,5.5,inland,Cloudy
14.0,78,12.5,90.0,overcast,997.56,2,Spring,4.0,inland,Rainy
16.0,76,8.0,27.0,partly cloudy,1016.09,1,Winter,5.5,coastal,Cloudy
13.0,53,6.0,46.0,overcast,1011.45,3,Winter,7.5,mountain,Cloudy
23.0,38,8.0,5.0,partly cloudy,1024.54,11,Summer,7.5,coastal,Sunny
3.0,86,2.0,79.0,overcast,988.74,1,Winter,3.5,inland,Snowy
25.0,62,8.0,56.0,partly cloudy,1013.11,1,Spring,3.0,mountain,Rainy
30.0,85,15.5,80.0,partly cloudy,1016.63,1,Summer,5.0,inland,Rainy
49.0,76,24.0,104.0,overcast,993.0,5,Summer,2.0,coastal,Rainy
-3.0,76,2.0,88.0,overcast,995.59,0,Winter,3.0,inland,Snowy
0.0,73,11.0,99.0,partly cloudy,997.11,1,Winter,4.0,mountain,Snowy
22.0,51,11.0,29.0,partly cloudy,1002.25,1,Autumn,6.0,coastal,Cloudy
12.0,68,5.5,26.0,overcast,1009.16,3,Spring,8.5,coastal,Cloudy
24.0,54,0.5,4.0,clear,1015.46,5,Autumn,8.5,mountain,Sunny
-6.0,86,11.5,62.0,overcast,988.45,0,Winter,2.5,mountain,Snowy
-9.0,37,12.0,75.0,cloudy,1148.35,4,Winter,6.5,inland,Sunny
16.0,72,13.0,55.0,overcast,1019.06,0,Autumn,2.5,inland,Rainy
35.0,32,6.5,9.0,clear,1013.84,11,Spring,8.5,inland,Sunny
28.0,62,6.5,69.0,overcast,994.82,1,Winter,3.0,mountain,Rainy
-1.0,95,12.5,85.0,overcast,980.72,0,Winter,4.0,inland,Snowy
32.0,27,10.0,5.0,clear,1027.41,8,Autumn,8.0,coastal,Sunny
35.0,29,0.0,3.0,clear,1021.91,7,Winter,9.5,inland,Sunny
-2.0,91,13.5,93.0,overcast,997.37,1,Winter,4.0,inland,Snowy
16.0,64,10.5,38.0,partly cloudy,1016.09,4,Winter,7.5,mountain,Cloudy
21.0,74,12.0,33.0,partly cloudy,1010.11,2,Summer,7.5,coastal,Cloudy
19.0,73,12.0,33.0,partly cloudy,1002.0,2,Winter,6.5,mountain,Cloudy
28.0,67,15.0,63.0,overcast,991.82,3,Summer,2.5,coastal,Rainy
80.0,78,5.0,71.0,clear,1024.59,2,Autumn,1.5,coastal,Sunny
36.0,37,5.5,0.0,clear,1024.56,7,Autumn,9.5,coastal,Sunny
15.0,63,9.0,23.0,overcast,1002.22,2,Spring,7.5,coastal,Cloudy
36.0,23,5.5,1.0,partly cloudy,1015.12,6,Spring,8.5,coastal,Sunny
31.0,88,40.0,102.0,overcast,1018.33,4,Autumn,1.5,mountain,Rainy
10.0,51,4.0,26.0,overcast,1000.48,2,Autumn,8.5,inland,Cloudy
35.0,42,4.5,10.0,clear,1016.98,7,Spring,7.0,mountain,Sunny
33.0,59,5.5,23.0,partly cloudy,1013.91,4,Autumn,8.0,coastal,Cloudy
15.0,85,31.0,100.0,partly cloudy,1007.99,2,Autumn,1.0,inland,Rainy
14.0,103,12.5,96.0,clear,1021.66,5,Winter,9.0,mountain,Sunny
0.0,92,6.0,83.0,overcast,993.9,1,Winter,4.5,mountain,Snowy
12.0,67,7.5,38.0,partly cloudy,1017.41,1,Spring,8.0,mountain,Cloudy
59.0,81,15.0,82.0,clear,1019.34,12,Spring,1.0,coastal,Sunny
-4.0,97,20.0,53.0,overcast,982.49,0,Winter,2.5,mountain,Snowy
33.0,76,1.0,12.0,partly cloudy,1012.44,2,Winter,8.0,inland,Cloudy
17.0,64,5.5,89.0,overcast,1004.85,3,Winter,3.0,mountain,Rainy
10.0,52,5.0,15.0,partly cloudy,1010.82,4,Autumn,9.0,coastal,Cloudy
31.0,52,12.5,22.0,overcast,1019.28,3,Winter,8.0,mountain,Cloudy
12.0,62,5.5,79.0,partly cloudy,1012.12,4,Winter,5.5,coastal,Rainy
0.0,99,6.0,50.0,partly cloudy,997.84,1,Winter,3.0,inland,Snowy
19.0,73,3.0,81.0,cloudy,877.77,0,Winter,1.0,coastal,Sunny
20.0,26,4.5,6.0,clear,1015.58,5,Spring,9.5,inland,Sunny
25.0,26,2.0,14.0,clear,1019.62,7,Winter,5.5,mountain,Sunny
-6.0,40,8.0,75.0,cloudy,1105.31,5,Autumn,5.0,coastal,Rainy
19.0,68,11.5,12.0,overcast,1010.04,3,Summer,8.5,coastal,Cloudy
29.0,76,11.0,44.0,overcast,1017.03,2,Winter,6.5,mountain,Cloudy
34.0,76,5.5,66.0,overcast,995.6,3,Winter,5.0,inland,Rainy
33.0,96,12.0,104.0,overcast,999.8,13,Autumn,1.5,mountain,Rainy
2.0,80,3.5,63.0,overcast,983.09,1,Winter,5.0,mountain,Snowy
38.0,73,8.0,81.0,partly cloudy,1007.17,14,Winter,1.0,mountain,Cloudy
24.0,74,5.5,73.0,partly cloudy,1011.73,11,Winter,20.0,inland,Snowy
31.0,90,5.0,57.0,partly cloudy,996.58,3,Spring,5.0,inland,Rainy
-2.0,70,13.5,50.0,overcast,996.16,1,Winter,3.0,mountain,Snowy
44.0,67,8.0,16.0,clear,1028.69,6,Spring,8.0,mountain,Sunny
76.0,94,15.5,103.0,overcast,1010.78,1,Summer,4.0,coastal,Rainy
33.0,88,15.0,98.0,partly cloudy,1002.06,3,Winter,4.5,coastal,Rainy
46.0,81,20.5,107.0,partly cloudy,1005.27,14,Summer,4.0,inland,Cloudy
1.0,70,3.5,62.0,overcast,986.83,1,Winter,4.5,mountain,Snowy
21.0,68,10.5,97.0,overcast,1016.13,0,Autumn,3.0,coastal,Rainy
10.0,75,19.0,65.0,overcast,1019.12,2,Autumn,3.5,coastal,Rainy
-9.0,72,7.5,81.0,overcast,996.77,1,Winter,3.0,inland,Snowy
-1.0,44,10.5,91.0,overcast,1090.45,1,Summer,20.0,inland,Snowy
-3.0,61,11.5,82.0,partly cloudy,999.56,0,Winter,3.5,mountain,Snowy
5.0,20,1.0,37.0,cloudy,1055.06,4,Spring,12.0,mountain,Rainy
35.0,58,3.0,19.0,clear,1015.4,5,Winter,5.0,mountain,Sunny
17.0,60,5.5,46.0,partly cloudy,1016.46,1,Spring,6.0,mountain,Cloudy
-3.0,82,0.0,65.0,overcast,991.66,0,Winter,1.5,inland,Snowy
-10.0,96,17.0,82.0,overcast,990.68,1,Winter,2.5,mountain,Snowy
29.0,46,7.0,12.0,partly cloudy,1013.23,11,Winter,8.5,coastal,Sunny
15.0,59,2.0,34.0,partly cloudy,1008.57,1,Spring,8.0,inland,Cloudy
22.0,28,2.0,8.0,clear,1023.63,5,Winter,6.0,mountain,Sunny
31.0,62,4.5,6.0,partly cloudy,1025.65,7,Spring,7.0,mountain,Sunny
-7.0,97,11.5,91.0,overcast,995.81,1,Winter,2.0,inland,Snowy
27.0,50,4.0,14.0,overcast,1001.47,2,Spring,6.5,inland,Cloudy
15.0,70,8.5,85.0,partly cloudy,995.6,2,Autumn,2.0,coastal,Rainy
21.0,67,5.5,41.0,partly cloudy,1009.92,4,Autumn,8.5,mountain,Cloudy
-8.0,72,2.5,86.0,partly cloudy,992.17,0,Winter,3.5,mountain,Snowy
-4.0,74,7.5,59.0,overcast,987.97,1,Winter,4.0,mountain,Snowy
11.0,94,11.5,58.0,partly cloudy,992.57,2,Winter,2.0,coastal,Rainy
14.0,79,22.5,88.0,clear,1028.06,6,Autumn,1.5,inland,Sunny
-4.0,72,15.0,64.0,partly cloudy,996.18,1,Winter,4.5,inland,Snowy
29.0,105,16.5,71.0,partly cloudy,1005.0,9,Summer,0.5,coastal,Rainy
26.0,91,19.5,90.0,overcast,1010.6,2,Autumn,4.0,mountain,Rainy
32.0,66,6.0,92.0,partly cloudy,1010.21,2,Spring,1.5,inland,Rainy
22.0,69,6.0,53.0,overcast,1001.27,1,Winter,3.5,inland,Rainy
-10.0,40,12.5,43.0,overcast,1189.4,0,Spring,2.0,inland,Cloudy
1.0,60,18.5,71.0,partly cloudy,996.93,0,Winter,2.5,inland,Snowy
15.0,71,11.5,72.0,partly cloudy,1007.88,3,Summer,5.0,coastal,Rainy
30.0,66,11.0,75.0,overcast,993.26,3,Autumn,3.5,mountain,Rainy
3.0,54,5.5,91.0,cloudy,1061.43,11,Autumn,17.5,mountain,Cloudy
26.0,69,3.5,3.0,clear,1012.11,7,Autumn,10.0,mountain,Sunny
34.0,60,11.5,55.0,overcast,1018.05,3,Summer,1.5,inland,Rainy
30.0,82,7.5,52.0,overcast,998.69,0,Autumn,4.0,coastal,Rainy
27.0,90,13.5,97.0,partly cloudy,1018.29,1,Summer,4.0,coastal,Rainy
-3.0,81,16.0,88.0,overcast,995.02,1,Winter,3.0,mountain,Snowy
-3.0,85,17.0,58.0,partly cloudy,991.2,1,Winter,5.0,mountain,Snowy
1.0,70,19.5,93.0,overcast,995.39,0,Winter,3.5,inland,Snowy
1.0,80,2.5,95.0,overcast,991.59,0,Winter,1.5,mountain,Snowy
28.0,56,8.5,12.0,partly cloudy,1013.53,1,Winter,7.5,coastal,Cloudy
30.0,88,11.5,71.0,overcast,1000.35,1,Summer,2.0,mountain,Rainy
-9.0,77,3.0,97.0,overcast,990.49,0,Winter,3.0,mountain,Snowy
39.0,50,5.5,10.0,clear,1025.01,8,Summer,6.5,mountain,Sunny
-20.0,55,4.5,97.0,partly cloudy,1180.94,12,Winter,17.5,inland,Cloudy
33.0,67,5.5,16.0,overcast,1014.51,1,Autumn,6.5,mountain,Cloudy
25.0,20,0.0,1.0,partly cloudy,1015.75,11,Summer,9.0,mountain,Sunny
-8.0,109,7.0,89.0,partly cloudy,981.01,5,Winter,6.5,inland,Snowy
-4.0,99,11.0,64.0,overcast,980.47,1,Winter,3.0,mountain,Snowy
31.0,70,6.0,40.0,overcast,1010.63,1,Winter,8.0,mountain,Cloudy
18.0,68,10.0,26.0,overcast,1002.54,1,Spring,7.0,inland,Cloudy
-10.0,25,11.0,96.0,cloudy,803.02,8,Spring,4.0,mountain,Cloudy
1.0,95,9.5,75.0,overcast,988.27,1,Winter,5.0,inland,Snowy
29.0,55,1.0,38.0,partly cloudy,1003.99,4,Summer,7.0,coastal,Cloudy
-4.0,68,5.5,71.0,overcast,999.3,0,Winter,3.5,mountain,Snowy
28.0,67,3.5,25.0,partly cloudy,1015.6,1,Autumn,6.5,mountain,Cloudy
31.0,50,2.0,16.0,clear,1023.9,9,Winter,10.0,coastal,Sunny
42.0,44,8.5,2.0,clear,1020.21,10,Autumn,9.0,inland,Sunny
-3.0,65,6.0,52.0,overcast,992.2,0,Winter,3.0,mountain,Snowy
21.0,70,11.0,53.0,overcast,1002.67,0,Spring,4.5,mountain,Rainy
15.0,68,9.5,42.0,partly cloudy,1009.05,2,Summer,7.0,inland,Cloudy
27.0,60,6.0,24.0,overcast,1012.08,3,Winter,8.5,mountain,Cloudy
0.0,89,18.5,75.0,overcast,983.64,1,Winter,2.5,inland,Snowy
33.0,60,4.5,14.0,clear,1026.77,7,Summer,9.5,mountain,Sunny
39.0,102,26.0,94.0,partly cloudy,1005.54,8,Summer,5.5,coastal,Cloudy
9.0,76,1.0,102.0,overcast,982.64,13,Winter,0.5,inland,Snowy
31.0,30,3.0,10.0,clear,1018.48,7,Spring,9.0,mountain,Sunny
-10.0,30,2.5,65.0,cloudy,1104.06,8,Autumn,16.5,inland,Sunny
32.0,94,5.5,61.0,partly cloudy,1012.43,0,Winter,3.5,mountain,Rainy
17.0,54,2.0,19.0,partly cloudy,1003.4,2,Summer,8.0,inland,Cloudy
35.0,50,4.5,3.0,clear,1018.79,6,Winter,9.0,coastal,Sunny
-4.0,94,14.5,85.0,partly cloudy,983.97,0,Winter,2.5,mountain,Snowy
14.0,61,1.0,29.0,partly cloudy,1017.3,4,Summer,9.0,mountain,Cloudy
18.0,64,12.0,19.0,partly cloudy,1005.91,3,Summer,5.5,mountain,Cloudy
48.0,50,0.5,94.0,cloudy,932.66,11,Spring,16.5,mountain,Cloudy
32.0,41,2.5,1.0,clear,1018.26,11,Summer,7.5,inland,Sunny
-6.0,65,11.5,87.0,overcast,990.95,1,Winter,4.0,inland,Snowy
-1.0,85,8.0,70.0,partly cloudy,989.37,1,Winter,1.0,mountain,Snowy
34.0,60,3.0,19.0,clear,1010.31,7,Spring,9.0,inland,Sunny
82.0,73,7.5,80.0,clear,1015.24,8,Summer,8.0,coastal,Sunny
31.0,79,15.5,72.0,overcast,1015.17,3,Winter,1.5,mountain,Rainy
24.0,61,5.5,3.0,clear,1018.27,9,Spring,5.5,inland,Sunny
26.0,42,6.5,9.0,clear,1028.15,8,Spring,7.5,inland,Sunny
1.0,79,2.5,83.0,overcast,999.67,1,Winter,2.5,inland,Snowy
14.0,73,8.0,40.0,partly cloudy,1001.7,4,Autumn,6.5,coastal,Cloudy
4.0,63,2.0,74.0,overcast,995.02,1,Winter,1.0,inland,Snowy
23.0,31,3.5,18.0,partly cloudy,827.69,8,Autumn,8.0,mountain,Sunny
23.0,62,7.0,44.0,overcast,1005.05,4,Summer,8.5,inland,Cloudy
3.0,69,11.0,51.0,overcast,992.3,1,Winter,1.5,inland,Snowy
37.0,23,7.5,6.0,partly cloudy,1014.41,8,Autumn,5.5,mountain,Sunny
-9.0,98,2.5,61.0,partly cloudy,994.1,1,Winter,2.0,inland,Snowy
34.0,63,5.0,71.0,overcast,1004.06,3,Autumn,3.5,coastal,Rainy
30.0,39,9.0,3.0,clear,1020.46,10,Autumn,7.5,inland,Sunny
-16.0,48,9.0,76.0,cloudy,1157.85,8,Spring,2.5,inland,Cloudy
11.0,60,8.5,58.0,partly cloudy,1007.15,1,Winter,5.0,mountain,Rainy
2.0,93,2.5,73.0,overcast,990.23,5,Winter,2.5,mountain,Snowy
36.0,23,2.0,1.0,clear,1026.53,11,Autumn,6.5,inland,Sunny
32.0,63,4.0,18.0,clear,1014.64,5,Spring,6.0,coastal,Sunny
2.0,72,13.0,68.0,overcast,985.39,0,Winter,4.5,inland,Snowy
47.0,92,0.0,78.0,clear,1024.73,12,Summer,4.0,mountain,Sunny
-1.0,81,7.0,59.0,overcast,984.68,1,Winter,1.0,inland,Snowy
2.0,85,6.0,81.0,overcast,986.81,1,Winter,1.5,inland,Snowy
30.0,91,15.5,70.0,overcast,999.97,0,Summer,3.5,inland,Rainy
20.0,57,3.5,26.0,partly cloudy,1001.59,2,Winter,6.0,coastal,Cloudy
-11.0,72,3.5,69.0,overcast,1060.27,10,Winter,14.0,mountain,Rainy
21.0,65,18.5,89.0,overcast,999.43,0,Spring,4.5,coastal,Rainy
34.0,87,17.5,77.0,overcast,999.71,1,Winter,2.0,mountain,Rainy
3.0,83,15.0,58.0,overcast,989.32,0,Winter,4.0,inland,Snowy
19.0,29,11.0,91.0,overcast,879.71,6,Winter,19.0,mountain,Snowy
12.0,50,3.5,25.0,overcast,1016.78,1,Summer,6.0,inland,Cloudy
10.0,71,1.0,48.0,overcast,1000.83,4,Summer,8.5,mountain,Cloudy
29.0,38,6.0,6.0,clear,1028.78,5,Summer,5.0,mountain,Sunny
22.0,36,3.0,4.0,clear,1026.76,10,Spring,7.0,mountain,Sunny
20.0,104,5.0,77.0,partly cloudy,1029.45,8,Spring,14.0,coastal,Sunny
-11.0,98,33.0,91.0,overcast,982.39,7,Winter,0.5,inland,Snowy
28.0,76,10.5,45.0,overcast,1006.61,4,Winter,6.0,inland,Cloudy
22.0,82,7.5,67.0,overcast,1013.04,0,Spring,4.0,mountain,Rainy
32.0,67,13.5,25.0,partly cloudy,1011.13,1,Summer,5.5,coastal,Cloudy
44.0,61,9.5,51.0,partly cloudy,1157.12,7,Winter,10.0,mountain,Snowy
17.0,28,11.0,61.0,overcast,836.11,7,Summer,9.5,mountain,Sunny
25.0,73,1.0,40.0,overcast,1019.6,2,Spring,5.5,mountain,Cloudy
32.0,67,0.5,1.0,partly cloudy,1021.59,5,Summer,9.5,mountain,Sunny
73.0,74,9.5,95.0,partly cloudy,1026.68,10,Autumn,4.5,coastal,Sunny
-7.0,66,9.5,71.0,overcast,987.71,0,Winter,4.0,mountain,Snowy
48.0,55,12.0,27.0,partly cloudy,1048.57,11,Winter,9.0,mountain,Rainy
20.0,95,16.0,91.0,overcast,1016.14,0,Summer,2.5,mountain,Rainy
26.0,105,35.0,85.0,overcast,1003.65,7,Summer,4.0,inland,Rainy
-3.0,84,5.0,82.0,overcast,980.47,1,Winter,4.5,inland,Snowy
43.0,61,8.0,18.0,clear,1016.89,6,Autumn,9.5,mountain,Sunny
-2.0,101,19.5,101.0,partly cloudy,980.83,0,Winter,5.0,inland,Snowy
12.0,64,11.5,47.0,overcast,1015.12,4,Winter,8.0,inland,Cloudy
28.0,22,2.5,9.0,clear,1026.95,11,Autumn,9.5,coastal,Sunny
26.0,85,7.5,62.0,partly cloudy,992.74,3,Winter,1.0,mountain,Rainy
3.0,72,3.0,98.0,overcast,992.97,1,Winter,2.0,inland,Snowy
2.0,71,11.0,66.0,overcast,984.83,0,Winter,3.0,mountain,Snowy
29.0,85,29.0,87.0,partly cloudy,1019.66,5,Summer,3.5,mountain,Cloudy
25.0,55,12.5,90.0,partly cloudy,1066.72,3,Autumn,2.0,inland,Sunny
33.0,49,0.0,15.0,partly cloudy,1023.19,9,Autumn,8.5,coastal,Sunny
31.0,65,4.5,45.0,overcast,1016.06,1,Spring,7.5,mountain,Cloudy
23.0,89,26.0,103.0,overcast,998.67,5,Winter,2.5,mountain,Rainy
21.0,95,33.0,109.0,overcast,1011.06,2,Winter,4.5,mountain,Rainy
38.0,53,3.5,16.0,clear,1023.71,11,Spring,9.5,inland,Sunny
20.0,67,4.0,27.0,overcast,1010.5,2,Spring,8.0,coastal,Cloudy
12.0,81,13.0,82.0,overcast,1007.72,2,Winter,3.0,mountain,Rainy
19.0,65,2.5,20.0,partly cloudy,1016.81,1,Spring,8.0,inland,Cloudy
17.0,25,4.0,12.0,cloudy,975.85,5,Autumn,12.5,mountain,Sunny
-1.0,64,7.5,70.0,overcast,994.69,1,Winter,4.5,mountain,Snowy
40.0,33,8.5,2.0,clear,1011.18,11,Spring,6.0,inland,Sunny
7.0,66,13.5,73.0,partly cloudy,886.94,10,Summer,12.5,coastal,Rainy
-9.0,63,9.0,79.0,overcast,981.1,1,Winter,2.5,inland,Snowy
20.0,40,7.5,6.0,clear,1014.65,11,Winter,5.5,inland,Sunny
28.0,69,8.5,83.0,partly cloudy,1012.89,2,Summer,1.0,inland,Rainy
31.0,51,3.0,14.0,clear,1026.44,10,Summer,6.5,inland,Sunny
